{"Label-0": {"X": [[0.8040158428651287, 0.8264238093105136, 0.4880011000281329, 0.8524519061513822], [0.9108924007451596, 0.10649017813619377, 0.05535117491006303, 0.010552578197735474], [0.9367657720850654, 0.5122408962306146, 0.29577314838591473, 0.9867812592297494], [0.38957873144569066, 0.7964965217525799, 0.8969410560246993, 0.01611508564993558], [0.43588687242619584, 0.8569570888013606, 0.6055192240110632, 0.5788450913373846]], "Y": [1, 0, 1, 0, 0]}, "Label-1": {"X": [[0.8040158428651287, 0.8264238093105136, 0.4880011000281329, 0.8524519061513822], [0.9108924007451596, 0.10649017813619377, 0.05535117491006303, 0.010552578197735474], [0.9367657720850654, 0.5122408962306146, 0.29577314838591473, 0.9867812592297494], [0.38957873144569066, 0.7964965217525799, 0.8969410560246993, 0.01611508564993558], [0.43588687242619584, 0.8569570888013606, 0.6055192240110632, 0.5788450913373846]], "Y": [0, 0, 0, 1, 1]}, "Label-2": {"X": [[0.8040158428651287, 0.8264238093105136, 0.4880011000281329, 0.8524519061513822], [0.9108924007451596, 0.10649017813619377, 0.05535117491006303, 0.010552578197735474], [0.9367657720850654, 0.5122408962306146, 0.29577314838591473, 0.9867812592297494], [0.38957873144569066, 0.7964965217525799, 0.8969410560246993, 0.01611508564993558], [0.43588687242619584, 0.8569570888013606, 0.6055192240110632, 0.5788450913373846]], "Y": [0, 1, 0, 0, 0]}}